fishid,type,tl,ww,sex,ploidy,gonww,maturity,goncond,sample_weight,unburned fuse length,burned fuse length,temp rise,gross heat before correction,gross heat after correction
NAR032019008,gonad,491,1142,M,2N,38,1,4,0.17337,30,70,1.6588,21.0402,21.0124
NAR032519011,gonad,504,1144,M,2N,35.2,1,4,0.18257,30,70,1.7417,20.996,20.9696
NAR032519002,gonad,476,910,M,2N,26.4,1,4,0.15442,57,63,1.467,20.8441,20.8565
NAR032619012,gonad,458,799,M,2N,27,1,4,0.13787,33,67,1.3262,21.0617,21.0478
NAR032219004,gonad,492,1098,M,2N,39.7,1,4,0.14368,44,54,1.3982,21.3304,21.4041
NAR032919015,gonad,489,1182,M,2N,23.4,1,4,0.18448,32,68,1.9265,23.0186,23.0029
NAR032519006,gonad,475,954,M,2N,31.9,1,4,0.16238,30,70,1.5793,21.3693,21.3397
NAR032519007,gonad,450,858,M,2N,21.7,1,4,0.11387,32,68,1.1697,22.4275,22.4022
NAR032919017,gonad,543,1620,M,2N,24.6,1,4,0.17996,37,63,1.9581,23.9892,23.9999
NAR032119003,gonad,476,1044,M,2N,34.2,1,4,0.21668,34,66,2.1293,21.6918,21.6874
NAR032619011,gonad,477,896,M,2N,29.9,1,4,,,,,,
NAR032519012,gonad,475,1027,M,2N,41.3,1,4,,,,,,
NAR032619010,gonad,468,891,M,2N,25.4,1,4,,,,,,
NAR032919022,gonad,503,1184,M,2N,32.4,1,4,,,,,,
NAR032119014,gonad,479,961,M,2N,28.6,1,4,,,,,,
NAR032719010,gonad,394,450,M,2N,11.9,1,4,,,,,,
NAR032019005,gonad,457,957,M,2N,13.6,1,4,,,,,,
NAR032819007,gonad,372,414,M,2N,5.3,1,4,,,,,,
NAR032719013,gonad,579,1978,M,2N,19.9,1,4,,,,,,
NAR032719006,gonad,470,868,M,2N,22.2,1,4,,,,,,
NAR032519010,gonad,530,1564,M,2N,30,1,4,,,,,,
NAR032619003,gonad,359,380,M,2N,6.3,1,4,,,,,,
NAR032719014,gonad,521,1343,M,2N,28.1,1,4,,,,,,
NAR033019018,gonad,490,1064,M,2N,23.7,1,4,,,,,,
NAR032519005,gonad,469,1013,M,2N,28.1,1,4,,,,,,
NAR032919021,gonad,485,1143,M,2N,34.7,1,4,,,,,,
NAR032119010,gonad,379,381,M,2N,4.2,1,4,,,,,,
NAR032719011,gonad,487,976,M,2N,20.4,1,4,,,,,,
NAR032819002,gonad,468,1112,M,2N,27.3,1,4,,,,,,
NAR032219006,gonad,420,576,M,2N,8.3,1,4,,,,,,
NAR031919001,gonad,479,912,M,3N,2.9,1,2,,,,,,
NAR032119011,gonad,367,362,M,3N,0.9,1,2,,,,,,
NAR032819005,gonad,313,199,M,3N,0.01,0,1,,,,,,
NAR033019011,gonad,325,246,M,3N,0.01,0,1,,,,,,
BA060420001,standard,,,,,,,,0.18424,32,68,2.194,26.2962,26.2805
BA060420002,standard,,,,,,,,0.18604,29,71,2.2296,26.4696,26.4385
BA060520001,standard,,,,,,,,0.20092,36,64,2.4217,26.6481,26.6529
BA060520002,standard,,,,,,,,0.2027,33,67,2.432,26.5279,26.5184